Commune,Code INSEE,Département,Date_du_Feu,Surface_Brûlée_m2,Nombre_de_Parcs_Solaires,Puissance_Totale_kW,Premiere_Mise_en_Service,Derniere_Mise_en_Service
Abbaretz,44001,44,2024-08-10 15:45:00,70,6,1259.0,2024-10-04,2026-02-18
Agneaux,50002,50,2024-08-30 16:05:00,1200,2,124.0,2026-01-20,2026-01-20
Agneaux,50002,50,2024-09-19 15:43:00,300,2,124.0,2026-01-20,2026-01-20
Aix-en-Provence,13001,13,2024-02-08 13:11:00,20,11,1808.32,2024-05-13,2025-12-11
Aix-en-Provence,13001,13,2024-02-11 16:10:00,300,11,1808.32,2024-05-13,2025-12-11
Aix-en-Provence,13001,13,2024-04-06 23:54:00,10,11,1808.32,2024-05-13,2025-12-11
Aix-en-Provence,13001,13,2024-04-16 19:48:00,200,11,1808.32,2024-05-13,2025-12-11
Aix-en-Provence,13001,13,2024-06-10 16:14:00,130,10,1753.32,2024-11-18,2025-12-11
Aix-en-Provence,13001,13,2024-06-30 13:06:00,5000,10,1753.32,2024-11-18,2025-12-11
Aix-en-Provence,13001,13,2024-07-03 10:44:00,10,10,1753.32,2024-11-18,2025-12-11
Aix-en-Provence,13001,13,2024-07-08 20:10:00,10,10,1753.32,2024-11-18,2025-12-11
Aix-en-Provence,13001,13,2024-07-09 18:38:00,500,10,1753.32,2024-11-18,2025-12-11
Aix-en-Provence,13001,13,2024-07-21 13:24:00,2,10,1753.32,2024-11-18,2025-12-11
Aix-en-Provence,13001,13,2024-07-27 13:51:00,500,10,1753.32,2024-11-18,2025-12-11
Aix-en-Provence,13001,13,2024-08-03 15:30:00,10,10,1753.32,2024-11-18,2025-12-11
Aix-en-Provence,13001,13,2024-08-10 13:24:00,5,10,1753.32,2024-11-18,2025-12-11
Aix-en-Provence,13001,13,2024-08-17 12:20:00,560,10,1753.32,2024-11-18,2025-12-11
Ajaccio,2A004,2A,2024-02-20 09:06:00,4,8,593.04,2024-09-12,2025-06-17
Ajaccio,2A004,2A,2024-06-26 17:30:00,1200,8,593.04,2024-09-12,2025-06-17
Ajaccio,2A004,2A,2024-07-08 16:10:00,25,8,593.04,2024-09-12,2025-06-17
Ajaccio,2A004,2A,2024-08-01 15:05:00,24000,8,593.04,2024-09-12,2025-06-17
Ajaccio,2A004,2A,2024-08-15 12:23:00,10,8,593.04,2024-09-12,2025-06-17
Ajaccio,2A004,2A,2024-08-15 12:23:00,20,8,593.04,2024-09-12,2025-06-17
Ajoux,07004,07,2024-02-05 12:11:00,13000,1,210.0,2026-02-11,2026-02-11
Alaigne,11004,11,2024-11-30 15:23:00,4200,5,771.0,2025-05-12,2025-10-06
Alata,2A006,2A,2024-05-18 16:57:00,30,1,100.0,2024-11-19,2024-11-19
Alata,2A006,2A,2024-07-15 08:51:00,1000,1,100.0,2024-11-19,2024-11-19
Alata,2A006,2A,2024-07-31 15:11:00,100,1,100.0,2024-11-19,2024-11-19
Albertacce,2B007,2B,2024-09-01 16:00:00,1600,1,100.0,2025-07-02,2025-07-02
Allauch,13002,13,2024-05-28 18:54:00,20,4,328.0,2024-10-28,2025-11-21
Allauch,13002,13,2024-07-04 23:02:00,200,4,328.0,2024-10-28,2025-11-21
Allauch,13002,13,2024-07-25 21:00:00,2,4,328.0,2024-10-28,2025-11-21
Allauch,13002,13,2024-07-31 17:11:00,50,4,328.0,2024-10-28,2025-11-21
Allauch,13002,13,2024-08-26 17:47:00,44,4,328.0,2024-10-28,2025-11-21
Aléria,2B009,2B,2024-06-18 16:51:00,3000,5,401.28,2024-12-04,2025-04-08
Aléria,2B009,2B,2024-07-27 15:00:00,5000,5,401.28,2024-12-04,2025-04-08
Aléria,2B009,2B,2024-07-27 15:20:00,30000,5,401.28,2024-12-04,2025-04-08
Annecy,74010,74,2024-08-12 09:03:00,1,6,849.0,2025-02-20,2026-04-23
Archigny,86009,86,2024-08-28 15:31:00,150000,3,861.36,2024-10-18,2026-05-12
Aregno,2B020,2B,2024-05-22 14:13:00,5500,1,100.0,2025-05-27,2025-05-27
Arles,13004,13,2024-04-20 17:01:00,10000,22,4257.9,2025-01-30,2026-04-16
Arles,13004,13,2024-07-23 18:10:00,200,22,4257.9,2025-01-30,2026-04-16
Armissan,11014,11,2024-06-25 11:45:00,200,2,160.0,2025-10-28,2025-11-18
Aubagne,13005,13,2024-05-12 18:46:00,5,10,1345.0,2024-09-12,2026-04-01
Aubagne,13005,13,2024-06-18 16:50:00,3495,10,1345.0,2024-09-12,2026-04-01
Aubagne,13005,13,2024-07-18 16:32:00,200,10,1345.0,2024-09-12,2026-04-01
Aubagne,13005,13,2024-08-12 15:36:00,100,10,1345.0,2024-09-12,2026-04-01
Aubagne,13005,13,2024-09-04 14:02:00,2,10,1345.0,2024-09-12,2026-04-01
Augan,56006,56,2024-04-09 21:13:00,50,10,1824.0,2024-08-08,2026-04-15
Bagnols-sur-Cèze,30028,30,2024-03-19 16:15:00,132,2,323.0,2024-04-16,2026-03-17
Bagnols-sur-Cèze,30028,30,2024-07-18 10:41:00,166,1,73.0,2026-03-17,2026-03-17
Balaruc-les-Bains,34023,34,2024-09-15 17:32:00,9891,4,216.0,2025-12-31,2026-01-07
Banne,07024,07,2024-07-11 23:16:00,3000,1,264.0,2024-11-20,2024-11-20
Barbaste,47021,47,2024-08-11 14:47:00,364600,1,88.0,2024-09-10,2024-09-10
Barbentane,13010,13,2024-06-11 06:03:00,50,3,690.0,2026-01-19,2026-02-20
Bastelica,2A031,2A,2024-08-04 19:15:00,187000,1,99.99,2025-11-06,2025-11-06
Bayons,04023,04,2024-08-07 21:30:00,26500,1,132.0,2026-05-18,2026-05-18
Beaujeu,04024,04,2024-08-13 19:23:00,3900,1,175.0,2024-10-24,2024-10-24
Beaumes-de-Venise,84012,84,2024-04-23 11:54:00,550,2,250.0,2025-04-29,2025-09-19
Beaumont,74031,74,2024-02-27 11:34:00,50,1,120.0,2025-06-25,2025-06-25
Berre-l'Étang,13014,13,2024-04-16 19:48:00,200,8,5803.6,2024-07-26,2026-04-15
Besançon,25056,25,2024-02-18 00:11:41,100,8,1056.59,2024-08-22,2026-03-21
Besançon,25056,25,2024-07-14 08:55:26,100,8,1056.59,2024-08-22,2026-03-21
Besançon,25056,25,2024-12-10 16:48:00,100,5,700.0,2025-03-27,2026-03-21
Bessan,34031,34,2024-07-11 17:32:00,21746,12,2037.0,2024-09-27,2026-01-09
Bessan,34031,34,2024-08-04 06:03:00,1823,12,2037.0,2024-09-27,2026-01-09
Biguglia,2B037,2B,2024-04-09 20:05:00,4000,7,849.89,2024-04-11,2025-12-17
Blanquefort,33056,33,2024-07-07 18:30:00,100,8,3441.0,2025-03-11,2026-05-05
Bloye,74035,74,2024-12-12 03:03:00,1,1,250.0,2026-04-09,2026-04-09
Bollène,84019,84,2024-08-27 10:55:51,1,5,604.0,2024-09-20,2025-07-07
Bonnat,23025,23,2024-04-13 21:37:00,500,1,249.0,2026-04-20,2026-04-20
Bonneville,74042,74,2024-05-11 10:28:00,1,3,388.0,2024-12-27,2025-04-03
Bonnieux,84020,84,2024-08-13 11:55:00,100,2,198.8,2024-09-24,2025-11-24
Bons-en-Chablais,74043,74,2024-06-13 13:33:00,1,2,256.0,2025-08-27,2026-03-16
Borgo,2B042,2B,2024-03-24 19:29:00,1000,8,775.73,2024-07-30,2025-08-28
Bouc-Bel-Air,13015,13,2024-04-23 20:53:00,10,2,470.0,2024-11-07,2025-08-12
Bouc-Bel-Air,13015,13,2024-08-03 15:10:00,60,2,470.0,2024-11-07,2025-08-12
Bouc-Bel-Air,13015,13,2024-08-03 15:10:00,1750,2,470.0,2024-11-07,2025-08-12
Bouc-Bel-Air,13015,13,2024-08-03 15:15:00,2,2,470.0,2024-11-07,2025-08-12
Bouc-Bel-Air,13015,13,2024-08-12 15:43:00,34,2,470.0,2024-11-07,2025-08-12
Boulbon,13017,13,2024-02-03 15:50:00,20,1,119.0,2025-08-20,2025-08-20
Brach,33070,33,2024-10-04 22:53:39,20,2,500.0,2025-06-24,2026-05-05
Bretignolles-sur-Mer,85035,85,2024-07-16 14:42:00,20,7,1214.0,2024-11-29,2026-04-30
Briançon,05023,05,2024-07-17 14:06:00,6,2,202.5,2024-10-07,2025-09-29
Brugairolles,11053,11,2024-09-07 22:44:00,1000,1,80.0,2024-12-11,2024-12-11
Béziers,34032,34,2024-08-04 12:59:00,17950,19,3046.0,2024-10-14,2026-04-29
Béziers,34032,34,2024-08-20 14:26:00,26873,19,3046.0,2024-10-14,2026-04-29
Béziers,34032,34,2024-09-06 13:36:00,491,19,3046.0,2024-10-14,2026-04-29
Cabriès,13019,13,2024-07-17 12:14:00,100,1,193.2,2025-06-11,2025-06-11
Cabriès,13019,13,2024-08-08 19:27:00,2000,1,193.2,2025-06-11,2025-06-11
Cadenet,84026,84,2024-07-20 15:55:00,10,1,90.0,2024-12-16,2024-12-16
Cadenet,84026,84,2024-08-09 01:56:00,1600,1,90.0,2024-12-16,2024-12-16
Cadenet,84026,84,2024-08-18 21:13:00,600,1,90.0,2024-12-16,2024-12-16
Cadenet,84026,84,2024-08-26 18:16:00,310,1,90.0,2024-12-16,2024-12-16
Calcatoggio,2A048,2A,2024-08-13 01:24:00,10000,1,99.76,2024-10-24,2024-10-24
Calcatoggio,2A048,2A,2024-08-13 01:24:00,20000,1,99.76,2024-10-24,2024-10-24
Calvisson,30062,30,2024-08-07 18:10:00,717,3,349.0,2025-01-08,2026-03-20
Camélas,66033,66,2024-09-12 14:38:00,2310700,1,660.0,2025-07-11,2025-07-11
Canet,34051,34,2024-08-07 15:17:00,75,2,220.0,2026-05-06,2026-05-21
Capbreton,40065,40,2024-05-17 15:57:00,53,1,470.0,2025-10-15,2025-10-15
Carcassonne,11069,11,2024-07-21 14:21:00,1,23,5946.48,2024-10-03,2026-05-26
Carcassonne,11069,11,2024-08-04 22:12:00,3000,23,5946.48,2024-10-03,2026-05-26
Carcassonne,11069,11,2024-08-07 18:09:00,4000,23,5946.48,2024-10-03,2026-05-26
Carcassonne,11069,11,2024-08-20 21:00:00,200,23,5946.48,2024-10-03,2026-05-26
Carcassonne,11069,11,2024-09-02 20:24:00,300,23,5946.48,2024-10-03,2026-05-26
Carcassonne,11069,11,2024-09-07 16:35:00,5000,23,5946.48,2024-10-03,2026-05-26
Carcassonne,11069,11,2024-09-15 20:27:00,6833,23,5946.48,2024-10-03,2026-05-26
Carcassonne,11069,11,2024-09-28 11:47:00,1560,23,5946.48,2024-10-03,2026-05-26
Cascastel-des-Corbières,11071,11,2024-09-21 11:58:00,2500,1,100.0,2025-12-11,2025-12-11
Castellane,04039,04,2024-08-05 07:34:00,2,1,99.0,2024-10-30,2024-10-30
Castellane,04039,04,2024-08-14 19:06:00,600,1,99.0,2024-10-30,2024-10-30
Castries,34058,34,2024-02-19 15:30:00,852,2,340.2,2024-10-17,2026-03-19
Castries,34058,34,2024-12-07 17:55:00,60,1,250.0,2026-03-19,2026-03-19
Caumont-sur-Durance,84034,84,2024-10-10 19:50:00,300,2,450.0,2025-07-02,2025-10-02
Cazevieille,34066,34,2024-09-01 20:33:00,138,1,103.2,2025-08-26,2025-08-26
Cazouls-lès-Béziers,34069,34,2024-08-03 17:35:00,5148,3,750.0,2024-09-16,2025-04-24
Cercoux,17077,17,2024-09-02 17:16:00,10000,3,287.0,2024-11-06,2025-06-20
Cervione,2B087,2B,2024-04-12 13:34:00,1000,1,99.9,2025-11-17,2025-11-17
Changé,72058,72,2024-04-23 23:45:00,7000,1,55.0,2026-05-04,2026-05-04
Changé,72058,72,2024-05-13 00:06:00,100,1,55.0,2026-05-04,2026-05-04
Changé,72058,72,2024-08-28 10:41:00,10,1,55.0,2026-05-04,2026-05-04
Charmauvillers,25124,25,2024-07-18 12:37:14,100,1,90.0,2025-09-08,2025-09-08
Chignin,73084,73,2024-10-06 18:54:00,90,1,250.0,2025-02-04,2025-02-04
Châteauneuf-les-Martigues,13026,13,2024-08-06 10:50:00,20,2,300.0,2025-12-03,2026-04-03
Châteauneuf-les-Martigues,13026,13,2024-08-16 13:31:00,255,2,300.0,2025-12-03,2026-04-03
Clermont-l'Hérault,34079,34,2024-01-25 18:18:00,17,6,1380.0,2024-01-29,2026-02-18
Clermont-l'Hérault,34079,34,2024-08-29 15:22:00,8927,4,930.0,2025-03-14,2026-02-18
Comigne,11095,11,2024-08-28 23:29:00,1,1,220.0,2025-03-06,2025-03-06
Conques-sur-Orbiel,11099,11,2024-09-10 17:09:00,16,1,99.0,2025-08-20,2025-08-20
Corbara,2B093,2B,2024-04-16 13:40:00,1500,1,228.6,2026-01-21,2026-01-21
Corenc,38126,38,2024-04-08 20:23:00,100,1,200.0,2025-03-31,2025-03-31
Corneilla-la-Rivière,66058,66,2024-02-06 12:11:00,8070,2,187.8,2026-04-08,2026-05-07
Corte,2B096,2B,2024-02-15 12:07:00,100,1,100.0,2024-04-11,2024-04-11
Coulaures,24137,24,2024-07-26 09:09:00,100,1,250.0,2025-08-04,2025-08-04
Crots,05045,05,2024-07-26 12:10:00,12,1,55.0,2024-08-01,2024-08-01
Cubières,48053,48,2024-02-03 20:35:00,500,1,250.0,2025-09-25,2025-09-25
Cubières,48053,48,2024-04-05 19:38:00,24900,1,250.0,2025-09-25,2025-09-25
Cubières,48053,48,2024-04-06 01:00:00,150,1,250.0,2025-09-25,2025-09-25
Cubjac-Auvézère-Val d'Ans,24147,24,2024-04-08 16:36:00,1000,7,1494.3,2024-06-05,2026-02-18
Cuttoli-Corticchiato,2A103,2A,2024-04-14 12:50:00,10,2,150.0,2024-10-09,2025-06-17
Cuttoli-Corticchiato,2A103,2A,2024-05-27 14:08:00,50,2,150.0,2024-10-09,2025-06-17
Cuttoli-Corticchiato,2A103,2A,2024-08-13 13:02:00,150,2,150.0,2024-10-09,2025-06-17
Cuttoli-Corticchiato,2A103,2A,2024-08-19 17:58:00,20,2,150.0,2024-10-09,2025-06-17
Cuxac-d'Aude,11116,11,2024-05-30 14:22:00,200,7,4029.0,2024-06-12,2026-03-25
Cuxac-d'Aude,11116,11,2024-08-01 18:13:00,49966,5,931.0,2024-11-27,2026-03-25
Cuxac-d'Aude,11116,11,2024-08-20 05:14:00,500,5,931.0,2024-11-27,2026-03-25
Cuxac-d'Aude,11116,11,2024-09-29 19:03:00,500,5,931.0,2024-11-27,2026-03-25
Céret,66049,66,2024-04-11 16:01:00,1,3,605.0,2024-07-24,2025-12-30
Digne-les-Bains,04070,04,2024-07-04 14:03:00,400,4,660.0,2025-02-13,2025-05-26
Donnezac,33151,33,2024-08-24 13:36:57,20000,2,337.0,2025-02-20,2025-08-28
Doussard,74104,74,2024-09-01 06:22:00,30,2,176.0,2025-03-31,2026-02-12
Ducos,97207,972,2024-04-12 13:54:00,5,15,1342.52,2024-04-22,2025-12-29
Durfort-et-Saint-Martin-de-Sossenac,30106,30,2024-08-22 11:31:00,179,1,200.0,2024-09-24,2024-09-24
Embres-et-Castelmaure,11125,11,2024-03-21 15:33:00,11800,1,99.0,2024-07-18,2024-07-18
Embrun,05046,05,2024-08-19 17:48:00,300,5,642.0,2025-01-03,2026-04-01
Embrun,05046,05,2024-08-27 17:26:00,1020,5,642.0,2025-01-03,2026-04-01
Ensuès-la-Redonne,13033,13,2024-04-10 13:58:00,300,5,884.0,2024-05-28,2025-12-03
Ensuès-la-Redonne,13033,13,2024-06-07 19:44:00,200,4,840.0,2024-11-21,2025-12-03
Espira-de-l'Agly,66069,66,2024-08-20 03:37:00,45000,1,143.0,2025-09-22,2025-09-22
Espira-de-l'Agly,66069,66,2024-09-21 17:34:00,10000,1,143.0,2025-09-22,2025-09-22
Espéraza,11129,11,2024-04-06 15:41:00,5000,1,250.0,2024-12-17,2024-12-17
Eygalières,13034,13,2024-08-03 08:33:00,1300,2,510.0,2025-01-10,2025-10-15
Eygalières,13034,13,2024-08-23 19:02:00,100,2,510.0,2025-01-10,2025-10-15
Eyguières,13035,13,2024-07-27 21:22:00,10,12,2584.4,2024-09-18,2026-03-09
Fabrègues,34095,34,2024-07-13 18:48:00,173,1,88.0,2026-05-11,2026-05-11
Fabrègues,34095,34,2024-08-02 15:18:00,511500,1,88.0,2026-05-11,2026-05-11
Fabrègues,34095,34,2024-08-29 16:03:00,536,1,88.0,2026-05-11,2026-05-11
Feliceto,2B112,2B,2024-03-24 15:27:00,15000,1,99.99,2024-10-02,2024-10-02
Feytiat,87065,87,2024-04-06 12:03:50,20,4,531.0,2024-05-16,2025-02-20
Figari,2A114,2A,2024-05-14 16:52:00,200,1,100.0,2025-12-16,2025-12-16
Figari,2A114,2A,2024-05-28 17:20:00,15,1,100.0,2025-12-16,2025-12-16
Figari,2A114,2A,2024-06-13 15:19:00,800,1,100.0,2025-12-16,2025-12-16
Figari,2A114,2A,2024-08-16 17:47:00,3,1,100.0,2025-12-16,2025-12-16
Fitou,11144,11,2024-02-29 17:59:00,15,2,194.0,2025-03-28,2025-11-20
Fitou,11144,11,2024-07-04 15:57:00,500,2,194.0,2025-03-28,2025-11-20
Fontainebleau,77186,77,2024-01-01 13:48:00,2,1,88.0,2025-08-01,2025-08-01
Fontainebleau,77186,77,2024-05-12 13:18:00,5,1,88.0,2025-08-01,2025-08-01
Fontainebleau,77186,77,2024-09-20 16:00:00,500,1,88.0,2025-08-01,2025-08-01
Fontainebleau,77186,77,2024-09-24 15:03:00,2,1,88.0,2025-08-01,2025-08-01
Fontainebleau,77186,77,2024-11-03 15:00:00,1,1,88.0,2025-08-01,2025-08-01
Fontanès,30114,30,2024-02-19 17:17:00,2433,1,90.0,2024-03-21,2024-03-21
Fontcouverte,11148,11,2024-03-29 17:19:00,100,1,100.0,2025-05-14,2025-05-14
Fontvieille,13038,13,2024-04-24 11:21:00,300,2,288.0,2025-02-28,2025-12-15
Fontvieille,13038,13,2024-06-16 16:55:00,20,2,288.0,2025-02-28,2025-12-15
Fos-sur-Mer,13039,13,2024-05-31 13:45:00,100,5,5363.0,2024-06-27,2025-11-12
Fos-sur-Mer,13039,13,2024-06-26 15:15:00,2,5,5363.0,2024-06-27,2025-11-12
Fos-sur-Mer,13039,13,2024-07-23 21:30:00,100,4,4313.0,2024-11-15,2025-11-12
Fos-sur-Mer,13039,13,2024-07-27 01:09:00,20,4,4313.0,2024-11-15,2025-11-12
Fos-sur-Mer,13039,13,2024-08-05 12:09:00,150,4,4313.0,2024-11-15,2025-11-12
Fos-sur-Mer,13039,13,2024-08-18 16:51:00,200,4,4313.0,2024-11-15,2025-11-12
Fos-sur-Mer,13039,13,2024-09-14 13:53:00,50,4,4313.0,2024-11-15,2025-11-12
Fos-sur-Mer,13039,13,2024-09-16 23:40:00,50,4,4313.0,2024-11-15,2025-11-12
Fournols,63162,63,2024-04-11 19:26:00,20,1,125.0,2026-01-27,2026-01-27
Franois,25258,25,2024-05-31 09:12:47,100,1,80.0,2024-11-22,2024-11-22
Franois,25258,25,2024-09-10 15:38:56,100,1,80.0,2024-11-22,2024-11-22
Fuveau,13040,13,2024-04-13 15:24:00,30,4,466.0,2024-04-16,2025-12-11
Fuveau,13040,13,2024-06-23 17:16:00,3000,3,416.0,2024-07-31,2025-12-11
Fuveau,13040,13,2024-08-01 20:57:00,5,1,66.0,2025-12-11,2025-12-11
Fuveau,13040,13,2024-08-12 19:28:00,50,1,66.0,2025-12-11,2025-12-11
Gabaston,64227,64,2024-03-28 21:04:00,180,6,1077.0,2024-07-16,2025-09-29
Gabian,34109,34,2024-12-14 18:38:00,132,1,199.0,2025-06-17,2025-06-17
Gaillan-en-Médoc,33177,33,2024-07-29 14:50:20,2000,3,478.0,2026-01-22,2026-05-18
Gap,05061,05,2024-08-22 08:00:00,20,24,6133.05,2024-09-09,2026-05-19
Gardanne,13041,13,2024-04-13 20:33:00,100,13,3370.45,2024-04-25,2026-05-19
Gardanne,13041,13,2024-07-29 19:50:00,10,9,2652.0,2024-11-21,2026-05-19
Gardanne,13041,13,2024-07-30 12:49:00,3,9,2652.0,2024-11-21,2026-05-19
Gardanne,13041,13,2024-08-03 15:29:00,1500,9,2652.0,2024-11-21,2026-05-19
Gardanne,13041,13,2024-08-03 16:01:00,14000,9,2652.0,2024-11-21,2026-05-19
Gardanne,13041,13,2024-08-25 18:41:00,100,9,2652.0,2024-11-21,2026-05-19
Gargas,84047,84,2024-03-24 00:16:00,400,1,143.0,2024-11-22,2024-11-22
Gargas,84047,84,2024-03-24 10:47:00,1,1,143.0,2024-11-22,2024-11-22
Gargas,84047,84,2024-04-07 16:30:00,200,1,143.0,2024-11-22,2024-11-22
Ghisonaccia,2B123,2B,2024-03-24 19:28:00,100,3,222.95999999999998,2024-09-17,2025-12-23
Ghisonaccia,2B123,2B,2024-06-07 16:50:00,30000,3,222.95999999999998,2024-09-17,2025-12-23
Ghisonaccia,2B123,2B,2024-10-12 16:41:00,500,2,123.0,2025-03-20,2025-12-23
Gigean,34113,34,2024-01-27 10:01:00,5,2,264.0,2024-12-26,2026-05-22
Gigean,34113,34,2024-08-18 15:11:00,3099500,2,264.0,2024-12-26,2026-05-22
Gigean,34113,34,2024-08-29 17:10:00,547,2,264.0,2024-12-26,2026-05-22
Gignac-la-Nerthe,13043,13,2024-07-15 15:36:00,20,1,250.0,2024-12-11,2024-12-11
Gourdon,07098,07,2024-02-06 11:30:00,10000,1,136.0,2025-05-15,2025-05-15
Grabels,34116,34,2024-07-13 23:16:00,217,2,200.23000000000002,2025-02-14,2025-03-28
Grabels,34116,34,2024-08-31 12:43:00,176,2,200.23000000000002,2025-02-14,2025-03-28
Grand'Combe-Châteleu,25285,25,2024-10-21 19:07:28,100,1,99.0,2026-05-22,2026-05-22
Grans,13044,13,2024-07-13 10:03:00,300,3,2120.0,2024-07-31,2025-06-25
Grans,13044,13,2024-08-02 16:46:00,10,2,275.0,2024-09-11,2025-06-25
Grans,13044,13,2024-08-07 15:50:00,800,2,275.0,2024-09-11,2025-06-25
Grans,13044,13,2024-11-05 19:05:00,40,1,220.0,2025-06-25,2025-06-25
Grasse,06069,06,2024-08-15 08:50:00,50,8,1363.0,2025-01-17,2026-04-02
Graveson,13045,13,2024-04-13 17:01:00,30,8,1660.0,2025-02-04,2026-03-20
Graveson,13045,13,2024-07-20 14:09:00,5000,8,1660.0,2025-02-04,2026-03-20
Grignols,24205,24,2024-04-05 15:17:00,1000,1,99.0,2024-10-01,2024-10-01
Gros-Morne,97212,972,2024-04-12 13:27:00,90,1,89.25,2025-11-24,2025-11-24
Gruissan,11170,11,2024-08-04 01:57:00,50,1,250.0,2025-04-02,2025-04-02
Gruissan,11170,11,2024-08-29 20:58:00,2,1,250.0,2025-04-02,2025-04-02
Gréoux-les-Bains,04094,04,2024-07-18 14:25:00,6600,4,364.9,2024-09-28,2025-06-13
Guer,56075,56,2024-07-28 12:46:00,300,6,913.0,2025-01-08,2025-09-03
Guilherand-Granges,07102,07,2024-09-07 15:47:00,100,2,260.0,2025-11-17,2025-12-22
Gujan-Mestras,33199,33,2024-08-02 10:49:06,10,4,856.0,2024-09-24,2026-04-08
Guégon,56070,56,2024-06-28 10:16:00,30,5,727.0,2025-01-17,2026-05-26
Guégon,56070,56,2024-07-01 17:29:00,50,5,727.0,2025-01-17,2026-05-26
Hasparren,64256,64,2024-04-06 19:12:00,200,4,595.0,2024-06-18,2025-12-03
Herm,40123,40,2024-06-03 16:17:00,118,1,250.0,2025-08-19,2025-08-19
Herm,40123,40,2024-08-10 16:16:00,76196,1,250.0,2025-08-19,2025-08-19
Hostun,26149,26,2024-08-11 19:06:00,2000,1,99.0,2025-12-17,2025-12-17
Hourtin,33203,33,2024-07-26 10:59:37,100,3,465.0,2024-10-11,2026-01-22
Hourtin,33203,33,2024-09-21 17:01:12,2,3,465.0,2024-10-11,2026-01-22
Hyères,83069,83,2024-09-01 16:40:00,27,8,864.0,2024-09-06,2025-10-23
Istres,13047,13,2024-01-27 16:10:00,500,7,1199.0,2024-06-21,2026-05-12
Istres,13047,13,2024-07-14 12:37:00,500,6,1115.0,2024-11-06,2026-05-12
Istres,13047,13,2024-08-10 04:13:00,30,6,1115.0,2024-11-06,2026-05-12
Istres,13047,13,2024-08-17 13:29:00,110,6,1115.0,2024-11-06,2026-05-12
Istres,13047,13,2024-08-23 14:02:00,10000,6,1115.0,2024-11-06,2026-05-12
Jougne,25318,25,2024-01-27 19:46:36,100,3,439.0,2025-09-22,2026-02-20
Junhac,15082,15,2024-04-08 19:30:00,80000,7,1449.0,2024-07-18,2026-03-12
L'Escarène,06057,06,2024-08-15 10:56:00,30,1,110.0,2026-01-16,2026-01-16
L'Isle-sur-la-Sorgue,84054,84,2024-07-27 13:41:00,4400,5,3308.0,2024-08-27,2026-01-13
L'Isle-sur-la-Sorgue,84054,84,2024-07-27 18:20:00,1,5,3308.0,2024-08-27,2026-01-13
La Barre-de-Monts,85012,85,2024-08-14 18:45:00,20,3,650.0,2025-09-12,2026-01-27
La Barre-de-Monts,85012,85,2024-08-15 17:20:00,1000,3,650.0,2025-09-12,2026-01-27
La Boissière,34035,34,2024-08-13 19:15:00,68270,2,380.0,2025-09-30,2025-12-05
La Ciotat,13028,13,2024-05-29 06:11:00,2,9,1430.0,2024-07-23,2025-07-25
La Ciotat,13028,13,2024-06-17 16:55:00,2500,9,1430.0,2024-07-23,2025-07-25
La Ciotat,13028,13,2024-06-25 00:20:00,24,9,1430.0,2024-07-23,2025-07-25
La Ciotat,13028,13,2024-06-26 15:19:00,2,9,1430.0,2024-07-23,2025-07-25
La Ciotat,13028,13,2024-07-09 12:07:00,330,9,1430.0,2024-07-23,2025-07-25
La Clusaz,74080,74,2024-07-19 09:27:00,50,1,70.0,2025-01-21,2025-01-21
La Roche-de-Glun,26271,26,2024-08-24 14:08:00,2000,5,809.0,2025-06-25,2026-02-05
La Rochette,05124,05,2024-08-13 22:10:00,340,1,99.0,2025-04-30,2025-04-30
La Roque-d'Anthéron,13084,13,2024-03-24 08:12:00,400,3,630.0,2025-01-09,2025-01-20
Labastide-en-Val,11179,11,2024-06-13 16:36:00,200,1,250.0,2025-05-05,2025-05-05
Labouheyre,40134,40,2024-03-18 15:24:00,4483,3,11725.0,2024-11-05,2025-12-04
Labouheyre,40134,40,2024-04-04 20:05:00,2,3,11725.0,2024-11-05,2025-12-04
Lacanau,33214,33,2024-07-08 12:24:00,2000,2,395.0,2025-09-04,2025-09-04
Lacrouzette,81128,81,2024-04-08 12:59:00,100,5,676.0,2024-11-07,2026-04-13
Lambesc,13050,13,2024-04-23 13:58:00,50,5,884.9,2024-07-22,2026-01-08
Lambesc,13050,13,2024-09-01 16:54:00,80,4,635.0,2025-07-09,2026-01-08
Landaul,56096,56,2024-07-04 19:04:00,10,2,427.0,2025-12-18,2026-02-18
Lançon-Provence,13051,13,2024-07-18 14:11:00,10,3,425.0,2025-03-27,2026-04-23
Lançon-Provence,13051,13,2024-08-07 00:16:00,20,3,425.0,2025-03-27,2026-04-23
Lançon-Provence,13051,13,2024-08-15 11:29:00,300,3,425.0,2025-03-27,2026-04-23
Lançon-Provence,13051,13,2024-09-04 15:27:00,20,3,425.0,2025-03-27,2026-04-23
Lattes,34129,34,2024-08-10 19:36:00,72,2,189.0,2025-02-19,2025-09-11
Laure-Minervois,11198,11,2024-02-20 17:03:00,5,1,158.0,2025-09-03,2025-09-03
Lavaré,72158,72,2024-04-13 14:15:00,60000,2,270.0,2025-02-06,2025-02-06
Le Barp,33029,33,2024-08-24 10:05:59,100,5,895.0,2025-07-08,2026-01-21
Le Cannet,06030,06,2024-12-15 04:21:00,50,1,44.0,2025-06-23,2025-06-23
Le Lamentin,97213,972,2024-03-23 13:08:00,200,19,1423.05,2024-04-10,2025-07-08
Le Lamentin,97213,972,2024-03-29 17:47:00,1000,19,1423.05,2024-04-10,2025-07-08
Le Lamentin,97213,972,2024-05-04 13:29:00,50,16,1241.28,2024-05-10,2025-07-08
Le Poët-Laval,26243,26,2024-02-03 14:57:00,4300,1,95.0,2026-02-27,2026-02-27
Le Puy-Sainte-Réparade,13080,13,2024-09-19 16:05:00,600,2,390.0,2025-02-20,2025-09-23
Le Rove,13088,13,2024-07-21 00:03:00,10,2,306.0,2024-09-11,2025-03-04
Le Soler,66195,66,2024-02-10 14:01:00,1000,5,617.0,2025-02-24,2026-04-23
Le Taillan-Médoc,33519,33,2024-04-20 16:28:45,15000,2,303.0,2026-01-12,2026-05-19
Les Belleville,73257,73,2024-04-12 15:58:00,300,2,128.0,2025-12-17,2025-12-17
Les Bois d'Anjou,49138,49,2024-04-23 14:57:00,5000,4,606.0,2024-10-30,2026-02-26
Les Bondons,48028,48,2024-03-22 18:46:00,61700,2,499.0,2024-05-15,2025-09-02
Les Mées,04116,04,2024-03-21 18:25:00,80,8,6281.0,2024-06-27,2025-07-15
Les Pennes-Mirabeau,13071,13,2024-04-22 15:20:00,200,6,708.0,2024-12-26,2026-05-22
Les Pennes-Mirabeau,13071,13,2024-04-22 20:41:00,10000,6,708.0,2024-12-26,2026-05-22
Les Pennes-Mirabeau,13071,13,2024-07-12 18:46:00,600,6,708.0,2024-12-26,2026-05-22
Les Pennes-Mirabeau,13071,13,2024-07-13 15:27:00,50,6,708.0,2024-12-26,2026-05-22
Les Pennes-Mirabeau,13071,13,2024-07-16 13:51:00,10400,6,708.0,2024-12-26,2026-05-22
Les Pennes-Mirabeau,13071,13,2024-08-10 00:33:00,30,6,708.0,2024-12-26,2026-05-22
Les Pennes-Mirabeau,13071,13,2024-08-10 16:40:00,250,6,708.0,2024-12-26,2026-05-22
Les Sables-d'Olonne,85194,85,2024-08-02 16:58:00,100,17,2348.0,2024-09-26,2026-05-13
Les Thuiles,04220,04,2024-02-04 15:36:00,12800,1,99.0,2024-07-02,2024-07-02
Leucate,11202,11,2024-06-04 01:10:00,100,1,160.0,2025-11-14,2025-11-14
Leucate,11202,11,2024-07-24 03:08:00,300,1,160.0,2025-11-14,2025-11-14
Leucate,11202,11,2024-11-19 23:10:00,10,1,160.0,2025-11-14,2025-11-14
Lieuran-lès-Béziers,34139,34,2024-08-31 18:53:00,1030,1,90.0,2024-11-05,2024-11-05
Limoux,11206,11,2024-09-17 16:31:00,3000,6,1803.0,2025-02-17,2026-04-21
Linguizzetta,2B143,2B,2024-03-19 14:37:00,30,1,100.0,2024-05-28,2024-05-28
Linxe,40155,40,2024-04-04 14:36:00,500,1,250.0,2025-05-13,2025-05-13
Lit-et-Mixe,40157,40,2024-09-16 05:06:00,600,2,419.0,2025-09-22,2025-12-10
Locmaria,56114,56,2024-04-23 15:44:00,30,1,60.0,2024-11-07,2024-11-07
Loupian,34143,34,2024-10-03 15:46:00,704,1,250.0,2025-07-11,2025-07-11
Luc-sur-Orbieu,11210,11,2024-02-24 17:45:00,25,1,100.0,2025-06-19,2025-06-19
Lunel-Viel,34146,34,2024-08-29 12:14:00,176,3,452.0,2024-09-18,2026-04-01
Lurs,04106,04,2024-07-15 21:13:00,20,1,99.0,2025-01-23,2025-01-23
Luxey,40167,40,2024-08-29 09:50:00,5,1,220.0,2026-02-16,2026-02-16
Lège-Cap-Ferret,33236,33,2024-08-13 02:17:05,100,1,85.0,2025-01-06,2025-01-06
Léotoing,43121,43,2024-08-31 16:19:00,13500,7,1471.0,2025-02-06,2026-02-18
Lézignan-Corbières,11203,11,2024-07-19 22:17:22,5,12,2001.0,2024-12-31,2026-04-24
Magalas,34147,34,2024-07-13 17:24:00,988,3,404.9,2025-08-29,2026-01-30
Magalas,34147,34,2024-09-21 14:16:00,74246,3,404.9,2025-08-29,2026-01-30
Malijai,04108,04,2024-07-24 11:55:00,220,3,359.0,2025-12-04,2026-01-16
Malissard,26170,26,2024-12-24 17:01:00,2,4,930.0,2026-04-01,2026-04-01
Malves-en-Minervois,11215,11,2024-07-28 15:46:00,2500,1,2740.0,2025-11-18,2025-11-18
Mane,04111,04,2024-08-26 19:08:00,410,3,700.0,2024-12-19,2026-05-21
Marigné-Laillé,72187,72,2024-04-24 15:48:00,20000,3,383.0,2024-10-16,2026-05-07
Marquixanes,66103,66,2024-04-27 16:36:00,700,1,120.0,2025-06-27,2025-06-27
Martigues,13056,13,2024-05-08 14:52:00,200,3,271.0,2024-08-08,2025-06-30
Martigues,13056,13,2024-05-08 19:59:00,10,3,271.0,2024-08-08,2025-06-30
Martigues,13056,13,2024-06-07 12:15:00,150,3,271.0,2024-08-08,2025-06-30
Martigues,13056,13,2024-06-08 16:55:00,1000,3,271.0,2024-08-08,2025-06-30
Martigues,13056,13,2024-06-17 16:55:00,1000,3,271.0,2024-08-08,2025-06-30
Martigues,13056,13,2024-06-23 16:14:00,30,3,271.0,2024-08-08,2025-06-30
Martigues,13056,13,2024-07-03 21:51:00,2,3,271.0,2024-08-08,2025-06-30
Martigues,13056,13,2024-07-25 17:12:00,25,3,271.0,2024-08-08,2025-06-30
Martigues,13056,13,2024-08-04 13:48:00,7500,3,271.0,2024-08-08,2025-06-30
Martigues,13056,13,2024-08-08 12:51:00,50,2,139.0,2024-10-16,2025-06-30
Martigues,13056,13,2024-08-15 15:22:00,6,2,139.0,2024-10-16,2025-06-30
Martigues,13056,13,2024-08-26 00:46:00,300,2,139.0,2024-10-16,2025-06-30
Martigues,13056,13,2024-09-10 20:39:00,500,2,139.0,2024-10-16,2025-06-30
Martigues,13056,13,2024-09-13 21:42:00,100,2,139.0,2024-10-16,2025-06-30
Martigues,13056,13,2024-09-16 03:22:00,300,2,139.0,2024-10-16,2025-06-30
Martigues,13056,13,2024-09-16 19:00:00,300,2,139.0,2024-10-16,2025-06-30
Marvejols,48092,48,2024-03-16 15:10:00,1724,1,88.0,2026-01-21,2026-01-21
Marzy,58160,58,2024-08-08 15:02:00,250,1,155.0,2025-11-24,2025-11-24
Massiac,15119,15,2024-10-29 16:53:00,2,7,1125.0,2025-01-15,2026-05-13
Maussac,19130,19,2024-04-06 17:06:47,500,1,250.0,2025-06-05,2025-06-05
Maussane-les-Alpilles,13058,13,2024-02-19 13:56:00,2000,1,76.0,2025-05-22,2025-05-22
Mayet,72191,72,2024-07-24 19:35:00,200,2,220.0,2025-10-29,2026-01-19
Merlevenez,56130,56,2024-10-04 09:08:00,300,2,294.0,2025-03-26,2025-11-12
Meschers-sur-Gironde,17230,17,2024-08-20 12:49:00,300,2,280.0,2025-01-20,2026-02-11
Meyreuil,13060,13,2024-06-22 17:54:00,4,1,250.0,2025-04-03,2025-04-03
Meyreuil,13060,13,2024-06-26 18:40:00,5,1,250.0,2025-04-03,2025-04-03
Meyrueis,48096,48,2024-08-15 10:05:00,5,1,110.0,2025-09-05,2025-09-05
Mimet,13062,13,2024-06-30 13:42:00,10,1,102.0,2025-12-09,2025-12-09
Mimizan,40184,40,2024-01-29 15:19:00,1,4,984.0,2024-04-25,2025-06-11
Mios,33284,33,2024-06-13 14:37:37,10000,4,882.0,2025-03-21,2026-05-28
Mios,33284,33,2024-06-28 11:56:47,2500,4,882.0,2025-03-21,2026-05-28
Mios,33284,33,2024-08-28 18:58:00,20000,4,882.0,2025-03-21,2026-05-28
Miramas,13063,13,2024-04-08 18:33:00,20,1,250.0,2024-05-10,2024-05-10
Miramas,13063,13,2024-04-12 10:55:00,20,1,250.0,2024-05-10,2024-05-10
Miramas,13063,13,2024-04-23 16:13:00,200,1,250.0,2024-05-10,2024-05-10
Mondragon,84078,84,2024-06-10 07:32:38,1,3,4824.0,2025-05-19,2026-04-07
Mondragon,84078,84,2024-06-11 15:30:54,50,3,4824.0,2025-05-19,2026-04-07
Mondragon,84078,84,2024-08-06 11:29:00,2,3,4824.0,2025-05-19,2026-04-07
Mondragon,84078,84,2024-09-02 15:45:00,2600,3,4824.0,2025-05-19,2026-04-07
Mondragon,84078,84,2024-12-05 11:59:00,1,3,4824.0,2025-05-19,2026-04-07
Monoblet,30172,30,2024-07-29 14:00:00,196,2,406.0,2025-03-24,2025-06-13
Monsempron-Libos,47179,47,2024-08-28 18:36:00,15000,2,400.0,2025-02-17,2025-02-17
Montamisé,86163,86,2024-04-22 17:55:00,10000,2,510.4,2025-01-27,2025-06-11
Montaren-et-Saint-Médiers,30174,30,2024-07-18 15:45:00,3437,1,100.0,2025-02-28,2025-02-28
Montboucher-sur-Jabron,26191,26,2024-08-20 16:18:00,300,4,795.6,2025-03-11,2026-04-07
Montegrosso,2B167,2B,2024-03-23 10:52:00,10,1,100.0,2024-12-05,2024-12-05
Montegrosso,2B167,2B,2024-04-06 11:57:00,4000,1,100.0,2024-12-05,2024-12-05
Montereau-Fault-Yonne,77305,77,2024-07-29 18:14:00,1,1,330.0,2026-05-28,2026-05-28
Montesquieu-des-Albères,66115,66,2024-08-21 14:30:00,3140,1,225.0,2025-12-09,2025-12-09
Montesquieu-des-Albères,66115,66,2024-08-21 14:31:00,10,1,225.0,2025-12-09,2025-12-09
Montguyon,17241,17,2024-08-09 14:44:00,300,4,720.0,2025-02-19,2026-04-09
Montoir-de-Bretagne,44103,44,2024-08-18 18:00:00,10,4,465.0,2025-08-04,2026-04-03
Montpeyroux,24292,24,2024-08-06 17:00:00,8000,2,500.0,2025-06-19,2026-01-28
Monts-de-Randon,48127,48,2024-03-23 15:02:00,3901,8,1459.63,2024-04-18,2026-05-05
Monts-de-Randon,48127,48,2024-08-05 16:35:00,600,7,1360.0,2025-02-03,2026-05-05
Mornas,84083,84,2024-04-10 10:28:00,1,3,3610.0,2024-07-24,2025-12-19
Mornas,84083,84,2024-06-09 01:31:41,2000,3,3610.0,2024-07-24,2025-12-19
Mornas,84083,84,2024-12-27 21:24:00,150,1,240.0,2025-12-19,2025-12-19
Mougins,06085,06,2024-08-30 11:53:00,500,3,249.0,2024-12-04,2026-03-19
Moussan,11258,11,2024-03-19 18:22:00,4000,3,539.22,2025-04-23,2025-04-23
Mulsanne,72213,72,2024-07-24 15:36:00,100,2,400.0,2024-12-10,2026-01-07
Murat-sur-Vèbre,81192,81,2024-08-30 17:49:00,200,4,729.0,2024-12-10,2026-04-21
Murviel-lès-Béziers,34178,34,2024-03-13 14:47:00,10915,3,511.0,2025-08-27,2025-12-30
Murviel-lès-Béziers,34178,34,2024-03-19 11:50:00,722,3,511.0,2025-08-27,2025-12-30
Murviel-lès-Béziers,34178,34,2024-03-24 11:01:00,4375,3,511.0,2025-08-27,2025-12-30
Murviel-lès-Béziers,34178,34,2024-07-26 12:30:00,21710,3,511.0,2025-08-27,2025-12-30
Muzillac,56143,56,2024-04-14 14:37:00,300,6,1188.0,2024-08-05,2026-03-11
Mées,40179,40,2024-06-17 15:07:00,101,1,100.0,2026-05-11,2026-05-11
Mévouillon,26181,26,2024-07-21 08:40:00,10,2,245.0,2025-01-24,2025-11-26
Mézos,40182,40,2024-05-12 16:35:00,1,1,70.0,2024-07-26,2024-07-26
Naisey-les-Granges,25417,25,2024-05-12 17:11:00,100,1,246.6,2025-04-01,2025-04-01
Narbonne,11262,11,2024-04-17 17:12:00,7500,15,12275.4,2024-10-24,2026-03-06
Narbonne,11262,11,2024-04-20 17:30:00,94800,15,12275.4,2024-10-24,2026-03-06
Narbonne,11262,11,2024-04-24 15:55:00,5000,15,12275.4,2024-10-24,2026-03-06
Narbonne,11262,11,2024-05-26 23:13:00,2000,15,12275.4,2024-10-24,2026-03-06
Narbonne,11262,11,2024-09-10 15:26:00,751162,15,12275.4,2024-10-24,2026-03-06
Narbonne,11262,11,2024-11-23 17:22:00,5,14,12209.4,2025-01-06,2026-03-06
Narbonne,11262,11,2024-12-10 13:29:00,2000,14,12209.4,2025-01-06,2026-03-06
Niederbronn-les-Bains,67324,67,2024-04-12 15:27:00,20000,3,849.7,2025-01-01,2025-01-21
Nissan-lez-Enserune,34183,34,2024-08-18 21:25:00,391100,5,926.0,2024-12-09,2025-12-03
Nissan-lez-Enserune,34183,34,2024-08-21 16:17:00,5500,5,926.0,2024-12-09,2025-12-03
Noves,13066,13,2024-04-21 19:59:00,500,6,1091.0,2024-04-22,2026-01-16
Noves,13066,13,2024-06-20 13:31:00,200,5,841.0,2024-08-07,2026-01-16
Noves,13066,13,2024-07-21 09:52:00,6,5,841.0,2024-08-07,2026-01-16
Noves,13066,13,2024-09-03 19:02:00,10,4,745.0,2025-05-05,2026-01-16
Nîmes,30189,30,2024-01-27 18:52:00,107,32,6552.6,2024-02-15,2026-05-19
Nîmes,30189,30,2024-10-20 22:09:00,4,20,4916.0,2024-11-25,2026-05-19
Ocana,2A181,2A,2024-07-05 14:45:00,20,1,99.0,2025-02-06,2025-02-06
Ocana,2A181,2A,2024-07-16 09:55:00,500,1,99.0,2025-02-06,2025-02-06
Oletta,2B185,2B,2024-06-01 11:19:00,10000,2,198.0,2024-12-18,2025-04-15
Oletta,2B185,2B,2024-08-14 12:42:00,169600,2,198.0,2024-12-18,2025-04-15
Oletta,2B185,2B,2024-08-24 11:30:00,200,2,198.0,2024-12-18,2025-04-15
Opoul-Périllos,66127,66,2024-03-23 17:14:00,6230,1,99.0,2024-09-16,2024-09-16
Orgon,13067,13,2024-02-29 13:14:00,150,3,565.0,2024-09-26,2026-04-27
Orgon,13067,13,2024-04-10 15:07:00,200,3,565.0,2024-09-26,2026-04-27
Orgon,13067,13,2024-06-26 17:30:00,4,3,565.0,2024-09-26,2026-04-27
Pardies-Piétat,64444,64,2024-01-14 12:57:00,3,1,220.0,2025-03-12,2025-03-12
Paulhan,34194,34,2024-08-19 14:48:00,7986,4,720.5,2025-06-06,2025-08-06
Peillon,06092,06,2024-07-15 00:42:00,24900,1,220.0,2024-09-23,2024-09-23
Pernes-les-Fontaines,84088,84,2024-07-18 21:25:00,20,6,5020.0,2025-02-13,2026-04-29
Perpignan,66136,66,2024-09-16 19:11:00,20000,46,13391.6,2024-10-14,2026-05-21
Pers-Jussy,74211,74,2024-07-20 15:52:00,1,1,249.9,2024-10-03,2024-10-03
Pertuis,84089,84,2024-03-20 12:30:00,47000,9,1571.0,2024-03-28,2026-01-12
Peypin,13073,13,2024-06-21 15:35:00,5,2,359.0,2026-02-25,2026-02-25
Peypin,13073,13,2024-07-08 18:44:00,70,2,359.0,2026-02-25,2026-02-25
Peyre en Aubrac,48009,48,2024-08-12 13:00:00,20,15,2808.0,2024-08-28,2026-05-05
Peyrehorade,40224,40,2024-03-25 15:08:00,1,3,581.0,2024-04-03,2026-05-18
Peyriac-Minervois,11286,11,2024-07-29 13:04:00,46294,4,602.0,2024-11-25,2026-03-09
Pignan,34202,34,2024-07-23 14:43:00,5024,1,250.0,2026-02-03,2026-02-03
Pignan,34202,34,2024-07-25 19:25:00,52,1,250.0,2026-02-03,2026-02-03
Piolenc,84091,84,2024-05-10 17:15:00,20,9,1580.0,2024-06-18,2026-01-28
Piolenc,84091,84,2024-09-07 18:07:00,1,7,1382.0,2024-10-18,2026-01-28
Piève,2B230,2B,2024-02-26 12:17:00,2000,1,1723.0,2024-11-01,2024-11-01
Pleaux,15153,15,2024-03-29 20:05:00,1000,8,1644.0,2025-08-05,2026-04-23
Plougoumelen,56167,56,2024-06-27 13:25:00,10,1,100.0,2025-03-12,2025-03-12
Plouhinec,56169,56,2024-08-10 15:25:00,250,4,594.0,2024-10-28,2026-04-30
Plounévez-Lochrist,29206,29,2024-01-30 19:04:00,20,9,1340.0,2024-02-12,2025-07-22
Pluherlin,56171,56,2024-07-05 15:52:00,1000,2,347.0,2024-12-03,2025-11-20
Plumelec,56172,56,2024-04-18 18:30:00,5000,9,1409.0,2024-06-27,2025-10-01
Plumelec,56172,56,2024-08-10 10:26:00,10,7,1169.0,2025-04-15,2025-10-01
Plumelec,56172,56,2024-08-10 15:56:00,300,7,1169.0,2025-04-15,2025-10-01
Poisy,74213,74,2024-08-28 18:34:00,10,1,72.0,2025-11-17,2025-11-17
Pomas,11293,11,2024-08-21 16:04:00,1967,1,208.0,2025-08-21,2025-08-21
Pomas,11293,11,2024-09-18 00:48:00,1,1,208.0,2025-08-21,2025-08-21
Pont de Montvert - Sud Mont Lozère,48116,48,2024-02-03 20:25:00,10000,1,220.0,2024-07-26,2024-07-26
Port-de-Bouc,13077,13,2024-04-21 21:43:00,500,2,540.0,2024-09-13,2025-03-27
Port-de-Bouc,13077,13,2024-07-02 11:43:00,2,2,540.0,2024-09-13,2025-03-27
Port-de-Bouc,13077,13,2024-07-08 13:09:00,80,2,540.0,2024-09-13,2025-03-27
Porto-Vecchio,2A247,2A,2024-01-31 11:08:00,3000,9,5882.95,2024-12-04,2026-01-06
Porto-Vecchio,2A247,2A,2024-02-03 18:13:00,50,9,5882.95,2024-12-04,2026-01-06
Porto-Vecchio,2A247,2A,2024-04-20 16:00:00,25000,9,5882.95,2024-12-04,2026-01-06
Porto-Vecchio,2A247,2A,2024-05-28 13:14:00,500,9,5882.95,2024-12-04,2026-01-06
Porto-Vecchio,2A247,2A,2024-07-07 22:56:00,20,9,5882.95,2024-12-04,2026-01-06
Porto-Vecchio,2A247,2A,2024-07-15 13:11:00,30,9,5882.95,2024-12-04,2026-01-06
Porto-Vecchio,2A247,2A,2024-07-16 18:16:00,40,9,5882.95,2024-12-04,2026-01-06
Porto-Vecchio,2A247,2A,2024-07-21 16:30:00,50,9,5882.95,2024-12-04,2026-01-06
Porto-Vecchio,2A247,2A,2024-08-05 22:30:00,20,9,5882.95,2024-12-04,2026-01-06
Porto-Vecchio,2A247,2A,2024-08-13 17:52:00,663,9,5882.95,2024-12-04,2026-01-06
Porto-Vecchio,2A247,2A,2024-08-16 18:31:00,3,9,5882.95,2024-12-04,2026-01-06
Porto-Vecchio,2A247,2A,2024-08-16 18:31:00,80,9,5882.95,2024-12-04,2026-01-06
Porto-Vecchio,2A247,2A,2024-08-16 18:31:00,1756,9,5882.95,2024-12-04,2026-01-06
Porto-Vecchio,2A247,2A,2024-08-22 17:13:00,20,9,5882.95,2024-12-04,2026-01-06
Porto-Vecchio,2A247,2A,2024-08-29 13:17:00,383000,9,5882.95,2024-12-04,2026-01-06
Poussan,34213,34,2024-07-18 16:19:00,14358,2,199.0,2024-11-21,2025-03-05
Poussan,34213,34,2024-08-19 13:46:00,512,2,199.0,2024-11-21,2025-03-05
Prades-le-Lez,34217,34,2024-07-03 16:41:00,7526,1,125.0,2025-09-10,2025-09-10
Puisserguier,34225,34,2024-07-21 09:46:00,22,3,480.0,2025-01-17,2025-09-22
Pujaut,30209,30,2024-09-07 16:51:00,2806,2,500.0,2024-12-17,2024-12-17
Pélissanne,13069,13,2024-08-26 14:57:00,10,3,297.0,2025-03-21,2025-03-21
Pézilla-la-Rivière,66140,66,2024-02-06 10:37:00,3812,3,344.0,2025-01-09,2025-11-27
Quiberon,56186,56,2024-08-01 14:49:00,20,1,250.0,2025-01-15,2025-01-15
Quimper,29232,29,2024-05-06 20:53:00,5,8,1574.0,2024-08-29,2025-10-16
Raismes,59491,59,2024-07-07 19:25:00,100,1,110.0,2025-09-25,2025-09-25
Redon,35236,35,2024-08-11 15:56:00,1500,3,748.0,2025-01-06,2026-02-06
Rieussec,34228,34,2024-02-07 14:49:00,4021,1,160.0,2026-01-23,2026-01-23
Rieussec,34228,34,2024-07-21 14:27:00,13733,1,160.0,2026-01-23,2026-01-23
Rives de l'Yon,85213,85,2024-07-03 17:09:00,1,4,770.0,2025-05-22,2026-02-04
Roche-lez-Beaupré,25495,25,2024-02-18 10:21:39,100,2,330.0,2024-04-23,2024-04-29
Rochegude,26275,26,2024-11-15 14:39:00,10,1,230.0,2025-04-29,2025-04-29
Rognac,13081,13,2024-08-09 15:05:00,2000,3,581.0,2025-08-27,2026-01-05
Rognac,13081,13,2024-08-19 01:09:00,500,3,581.0,2025-08-27,2026-01-05
Roquefort-la-Bédoule,13085,13,2024-07-04 18:21:00,60,1,50.0,2026-01-15,2026-01-15
Roquemaure,30221,30,2024-09-29 02:07:00,135,2,339.0,2025-04-07,2026-03-04
Roquemaure,30221,30,2024-09-29 02:07:00,190,2,339.0,2025-04-07,2026-03-04
Rosans,05126,05,2024-01-29 13:59:00,8100,1,110.0,2024-11-05,2024-11-05
Roujan,34237,34,2024-06-21 14:22:00,10474,4,1000.0,2025-04-15,2025-06-30
Roujan,34237,34,2024-11-07 19:05:00,7,4,1000.0,2025-04-15,2025-06-30
Roumoules,04172,04,2024-07-18 13:36:00,12700,1,154.0,2025-06-05,2025-06-05
Rousset,13087,13,2024-07-30 18:45:00,100,1,230.0,2025-02-12,2025-02-12
Ruaudin,72260,72,2024-06-10 23:51:00,50,5,901.0,2024-07-31,2026-03-23
Ruaudin,72260,72,2024-07-06 17:23:00,60,5,901.0,2024-07-31,2026-03-23
Ruffiac,56200,56,2024-04-19 15:33:00,8000,4,643.0,2025-03-12,2026-05-12
Saint Aulaye-Puymangou,24376,24,2024-07-31 12:19:00,500,4,382.3,2024-09-19,2025-03-31
Saint-Aignan,56203,56,2024-06-11 16:59:00,100,2,349.0,2025-05-13,2025-06-18
Saint-André-de-Sangonis,34239,34,2024-07-25 17:17:00,11826,4,528.0,2025-06-27,2026-02-24
Saint-Aubin-de-Médoc,33376,33,2024-07-14 00:58:45,40,2,333.0,2024-09-09,2025-09-01
Saint-Bauzille-de-Montmel,34242,34,2024-07-04 21:28:00,140,2,1175.0,2025-12-10,2026-03-24
Saint-Benoît-la-Chipotte,88412,88,2024-07-25 10:35:00,3,1,245.0,2026-05-28,2026-05-28
Saint-Benoît-la-Chipotte,88412,88,2024-07-25 16:40:00,3,1,245.0,2026-05-28,2026-05-28
Saint-Bonnet-le-Froid,43172,43,2024-02-04 13:19:00,6000,2,195.0,2024-06-05,2024-10-28
Saint-Cannat,13091,13,2024-02-02 14:36:00,10,3,239.8,2025-09-19,2026-01-21
Saint-Cannat,13091,13,2024-03-16 16:45:00,2,3,239.8,2025-09-19,2026-01-21
Saint-Cannat,13091,13,2024-06-14 19:13:00,300,3,239.8,2025-09-19,2026-01-21
Saint-Chamas,13092,13,2024-02-24 14:29:00,50,2,229.0,2025-03-14,2025-11-20
Saint-Chamas,13092,13,2024-03-20 18:04:00,300,2,229.0,2025-03-14,2025-11-20
Saint-Chamas,13092,13,2024-06-26 15:41:00,100,2,229.0,2025-03-14,2025-11-20
Saint-Chamas,13092,13,2024-07-22 15:49:00,20,2,229.0,2025-03-14,2025-11-20
Saint-Chinian,34245,34,2024-02-21 15:11:00,22526,1,250.0,2025-04-02,2025-04-02
Saint-Dolay,56212,56,2024-01-18 18:32:00,4,2,500.0,2025-04-18,2025-04-18
Saint-Georges-Buttavent,53219,53,2024-09-25 16:07:00,1000,1,250.0,2025-12-16,2025-12-16
Saint-Germain-sur-Rhône,74235,74,2024-08-09 18:53:00,1,1,250.0,2025-06-30,2025-06-30
Saint-Gilles,30258,30,2024-03-02 15:10:00,1000,22,5946.9,2024-06-05,2026-04-28
Saint-Génis-des-Fontaines,66175,66,2024-08-23 16:44:00,100,1,132.0,2025-05-20,2025-05-20
Saint-Génis-des-Fontaines,66175,66,2024-08-23 16:44:00,140,1,132.0,2025-05-20,2025-05-20
Saint-Jacut-les-Pins,56221,56,2024-08-29 10:35:00,200,2,365.0,2025-12-03,2026-04-29
Saint-Jean-de-Védas,34270,34,2024-03-20 08:12:00,13,7,681.3,2024-04-03,2026-05-20
Saint-Jean-et-Saint-Paul,12232,12,2024-09-15 16:52:00,5,5,752.0,2025-01-21,2026-02-24
Saint-Joseph,97412,974,2024-08-13 16:04:00,80,2,155.3,2024-11-20,2025-08-22
Saint-Joseph,97412,974,2024-10-01 10:47:00,10,2,155.3,2024-11-20,2025-08-22
Saint-Julien-le-Petit,87153,87,2024-08-30 14:53:11,200,1,440.0,2025-12-15,2025-12-15
Saint-Laurent-des-Arbres,30278,30,2024-08-26 23:01:00,386,1,80.0,2025-06-12,2025-06-12
Saint-Louis,97414,974,2024-11-15 20:10:00,2500,1,300.0,2025-08-14,2025-08-14
Saint-Louis,97414,974,2024-12-21 15:16:00,130000,1,300.0,2025-08-14,2025-08-14
Saint-Léonard-de-Noblat,87161,87,2024-08-30 10:36:49,2,2,8349.9,2025-01-16,2025-09-17
Saint-Martin-de-Crau,13097,13,2024-07-01 16:20:00,14441,21,6645.0,2024-07-10,2026-05-26
Saint-Martin-de-Crau,13097,13,2024-08-05 16:54:00,12000,18,6145.0,2024-08-21,2026-05-26
Saint-Martin-sur-Oust,56229,56,2024-05-11 11:31:00,50,4,879.0,2025-04-01,2026-03-12
Saint-Mathieu-de-Tréviers,34276,34,2024-08-11 11:01:00,270,1,99.0,2025-07-29,2025-07-29
Saint-Paul,97415,974,2024-09-19 14:55:00,2000,3,5511.0,2024-10-01,2025-01-01
Saint-Paul-Trois-Châteaux,26324,26,2024-08-21 14:16:00,20000,3,866.6,2024-10-11,2026-01-16
Saint-Paul-lès-Durance,13099,13,2024-07-17 10:45:00,300,1,125.0,2025-06-05,2025-06-05
Saint-Paul-lès-Durance,13099,13,2024-07-20 20:00:00,15000,1,125.0,2025-06-05,2025-06-05
Saint-Paul-lès-Durance,13099,13,2024-07-23 11:50:00,280,1,125.0,2025-06-05,2025-06-05
Saint-Paul-lès-Durance,13099,13,2024-08-22 13:28:00,40,1,125.0,2025-06-05,2025-06-05
Saint-Pierre-du-Mont,40281,40,2024-01-31 17:35:00,3,3,422.3,2024-04-15,2024-11-15
Saint-Péray,07281,07,2024-08-22 15:13:00,1500,1,55.0,2025-05-06,2025-05-06
Saint-Péray,07281,07,2024-09-21 14:49:00,20,1,55.0,2025-05-06,2025-05-06
Saint-Péray,07281,07,2024-09-21 15:24:00,40,1,55.0,2025-05-06,2025-05-06
Saint-Rémy-de-Provence,13100,13,2024-06-24 23:58:00,1,9,1472.0,2024-06-28,2026-04-21
Saint-Rémy-de-Provence,13100,13,2024-07-10 15:20:00,50,7,1043.0,2024-07-12,2026-04-21
Saint-Saturnin-lès-Apt,84118,84,2024-04-25 14:44:00,40,3,1743.0,2024-10-02,2025-10-23
Saint-Sernin,07296,07,2024-08-31 19:42:00,400,1,165.0,2026-04-29,2026-04-29
Saint-Victoret,13102,13,2024-06-25 09:48:00,50,1,200.0,2025-05-05,2025-05-05
Saint-Vincent-de-Paul,40283,40,2024-02-07 14:36:00,100,2,400.0,2024-07-05,2024-07-05
Saint-Étienne-de-Lugdarès,07232,07,2024-08-05 14:30:00,500,1,90.0,2024-10-29,2024-10-29
Saint-Étienne-de-Lugdarès,07232,07,2024-09-20 16:04:00,10,1,90.0,2024-10-29,2024-10-29
Saint-Étienne-du-Grès,13094,13,2024-02-19 10:06:00,60,3,1751.0,2024-07-31,2026-04-20
Saint-Étienne-du-Grès,13094,13,2024-03-21 14:35:00,60,3,1751.0,2024-07-31,2026-04-20
Sainte-Camelle,11334,11,2024-04-19 18:55:00,50,1,100.0,2024-11-08,2024-11-08
Sainte-Gemme,81249,81,2024-08-20 14:56:00,100,1,300.08,2025-03-11,2025-03-11
Sainte-Hélène,33417,33,2024-07-13 17:58:00,1500,2,420.0,2024-08-20,2024-10-28
Saleilles,66189,66,2024-04-20 12:42:00,28635,1,99.0,2026-05-26,2026-05-26
Salles-d'Aude,11370,11,2024-08-03 20:50:00,450,1,220.0,2025-03-03,2025-03-03
Sallèles-d'Aude,11369,11,2024-04-23 00:12:00,100,3,4334.0,2025-02-07,2025-11-13
Sallèles-d'Aude,11369,11,2024-08-04 17:19:00,30,3,4334.0,2025-02-07,2025-11-13
Salon-de-Provence,13103,13,2024-07-24 13:49:00,20,13,1916.0,2024-07-30,2026-04-28
Salon-de-Provence,13103,13,2024-07-25 13:53:00,30,13,1916.0,2024-07-30,2026-04-28
Salon-de-Provence,13103,13,2024-07-30 14:42:00,30,12,1816.0,2024-12-10,2026-04-28
Salon-de-Provence,13103,13,2024-08-25 11:27:00,20000,12,1816.0,2024-12-10,2026-04-28
Samoreau,77442,77,2024-07-10 12:47:00,3,1,100.0,2025-08-05,2025-08-05
Sarlat-la-Canéda,24520,24,2024-03-20 15:00:00,300,3,332.0,2024-09-16,2026-04-16
Sarrola-Carcopino,2A271,2A,2024-07-04 10:09:00,158,6,575.55,2025-03-31,2026-02-18
Sartène,2A272,2A,2024-04-30 10:30:00,100,3,298.99,2024-10-16,2025-02-26
Sartène,2A272,2A,2024-05-27 18:14:00,3000,3,298.99,2024-10-16,2025-02-26
Sartène,2A272,2A,2024-10-09 20:37:00,6,3,298.99,2024-10-16,2025-02-26
Saugnac-et-Muret,40295,40,2024-07-28 09:09:00,102,5,498.0,2025-09-02,2026-03-11
Sault,84123,84,2024-03-02 13:27:00,10100,3,428.0,2025-05-16,2025-12-11
Sault,84123,84,2024-04-21 17:26:32,2,3,428.0,2025-05-16,2025-12-11
Sauvat,15223,15,2024-02-03 19:06:00,500,2,249.0,2025-04-23,2025-05-21
Septfontaines,25541,25,2024-09-21 13:06:00,10000,1,100.0,2025-05-23,2025-05-23
Septèmes-les-Vallons,13106,13,2024-07-15 02:31:00,10,1,5610.0,2026-05-21,2026-05-21
Septèmes-les-Vallons,13106,13,2024-07-24 23:30:00,100,1,5610.0,2026-05-21,2026-05-21
Septèmes-les-Vallons,13106,13,2024-08-29 15:29:00,230,1,5610.0,2026-05-21,2026-05-21
Sigean,11379,11,2024-01-18 19:07:00,10,4,974.0,2025-09-12,2026-04-14
Sigean,11379,11,2024-04-03 15:33:00,1000,4,974.0,2025-09-12,2026-04-14
Sigean,11379,11,2024-06-05 15:38:00,200,4,974.0,2025-09-12,2026-04-14
Sigean,11379,11,2024-07-02 13:48:00,290900,4,974.0,2025-09-12,2026-04-14
Soorts-Hossegor,40304,40,2024-08-31 05:02:00,10,1,122.6,2025-04-22,2025-04-22
Sorges et Ligueux en Périgord,24540,24,2024-08-26 15:24:00,10000,2,400.0,2025-02-17,2025-02-17
Sorgues,84129,84,2024-08-19 12:46:00,29000,7,828.0,2024-08-21,2026-04-22
Soustons,40310,40,2024-07-29 16:02:00,4109,2,448.0,2024-12-11,2026-01-19
Soustons,40310,40,2024-08-19 18:53:00,2000,2,448.0,2024-12-11,2026-01-19
Soustons,40310,40,2024-08-22 16:52:00,7094,2,448.0,2024-12-11,2026-01-19
Strenquels,46312,46,2024-07-09 21:19:00,100,1,166.6,2026-01-07,2026-01-07
Séné,56243,56,2024-07-07 18:31:00,10,2,166.0,2024-11-21,2025-08-05
Sérignan,34299,34,2024-08-15 16:58:00,39777,3,216.0,2025-01-29,2025-11-14
Talairan,11386,11,2024-01-26 15:43:00,11938,1,80.0,2025-05-27,2025-05-27
Tallone,2B320,2B,2024-08-12 16:02:00,130000,2,166.0,2024-10-16,2025-04-03
Tarnos,40312,40,2024-03-18 07:06:00,50,7,690.5,2024-05-16,2025-12-11
Tautavel,66205,66,2024-06-13 15:45:00,500,1,3872.0,2025-02-20,2025-02-20
Thoiry,01419,01,2024-08-13 18:00:00,20000,1,72.0,2025-02-18,2025-02-18
Thémines,46318,46,2024-07-18 18:43:00,1500,2,290.0,2025-03-26,2026-03-30
Tosse,40317,40,2024-08-24 16:47:00,27300,1,90.0,2025-12-01,2025-12-01
Tourbes,34311,34,2024-09-13 17:54:00,24,2,525.0,2025-07-11,2025-07-11
Tourouzelle,11393,11,2024-03-25 11:51:00,500,1,99.8,2025-01-09,2025-01-09
Tourrette-Levens,06147,06,2024-09-03 12:15:00,700,2,105.0,2024-09-11,2025-04-07
Trets,13110,13,2024-08-09 23:12:00,5,8,1416.9,2024-09-12,2026-01-20
Trèbes,11397,11,2024-03-08 16:45:00,18,5,1090.0,2024-11-14,2026-04-08
Trèbes,11397,11,2024-08-06 21:35:00,3323,5,1090.0,2024-11-14,2026-04-08
Trèbes,11397,11,2024-08-30 14:38:00,1000,5,1090.0,2024-11-14,2026-04-08
Trèbes,11397,11,2024-09-16 19:22:00,62476,5,1090.0,2024-11-14,2026-04-08
Trèbes,11397,11,2024-09-18 09:28:00,30,5,1090.0,2024-11-14,2026-04-08
Tuchan,11401,11,2024-01-24 14:52:00,400,3,271.8,2025-04-01,2026-02-03
Tuchan,11401,11,2024-02-03 12:27:00,200,3,271.8,2025-04-01,2026-02-03
Tuchan,11401,11,2024-02-07 15:07:00,6598,3,271.8,2025-04-01,2026-02-03
Uchaux,84135,84,2024-11-17 14:26:10,5,1,200.0,2025-01-23,2025-01-23
Val-de-Dagne,11251,11,2024-08-10 17:22:00,150,1,250.0,2025-11-26,2025-11-26
Valbonne,06152,06,2024-07-18 04:04:00,50,6,483.0,2024-12-05,2026-03-24
Valderoure,06154,06,2024-07-10 18:20:00,25,1,110.0,2025-09-15,2025-09-15
Valdoule,05024,05,2024-02-02 12:50:00,4000,2,124.0,2025-08-19,2026-03-20
Valensole,04230,04,2024-04-11 15:59:00,1400,8,1323.9,2024-05-06,2026-02-27
Velaux,13112,13,2024-02-05 16:55:00,350,1,88.0,2024-04-04,2024-04-04
Vendays-Montalivet,33540,33,2024-06-13 06:24:00,15000,2,370.0,2024-08-01,2026-03-02
Venelles,13113,13,2024-06-07 12:15:00,5,1,145.0,2026-03-12,2026-03-12
Venelles,13113,13,2024-07-18 15:31:00,50,1,145.0,2026-03-12,2026-03-12
Vergèze,30344,30,2024-08-19 16:45:00,1303,3,281.0,2024-11-07,2026-02-03
Vernoil-le-Fourrier,49369,49,2024-08-01 17:12:00,800,1,250.0,2025-08-26,2025-08-26
Vernoil-le-Fourrier,49369,49,2024-08-10 18:36:00,4,1,250.0,2025-08-26,2025-08-26
Vero,2A345,2A,2024-07-08 13:49:00,25,1,91.67,2024-11-28,2024-11-28
Vers-Pont-du-Gard,30346,30,2024-05-30 16:32:00,1000,4,511.0,2024-11-21,2026-04-10
Vescovato,2B346,2B,2024-03-20 19:00:00,2000,1,59.64,2025-04-02,2025-04-02
Vescovato,2B346,2B,2024-08-02 20:09:00,12300,1,59.64,2025-04-02,2025-04-02
Vias,34332,34,2024-07-01 18:50:00,51436,6,1271.0,2024-07-03,2026-04-10
Vic-le-Fesq,30349,30,2024-09-02 17:24:00,3777,1,90.0,2026-02-18,2026-02-18
Vidauban,83148,83,2024-06-11 15:03:00,3006900,3,455.0,2025-01-31,2026-01-30
Vielle-Soubiran,40327,40,2024-07-03 12:19:00,8000,1,230.0,2025-04-24,2025-04-24
Viens,84144,84,2024-08-14 12:40:00,400,1,72.0,2025-09-08,2025-09-08
Villanière,11411,11,2024-11-04 20:53:00,100,1,220.0,2024-12-20,2024-12-20
Villefranche-de-Rouergue,12300,12,2024-08-11 17:53:00,25000,6,1179.0,2024-10-14,2026-05-28
Villelaure,84147,84,2024-09-30 02:34:00,500,1,165.0,2026-05-05,2026-05-05
Villeneuve-Minervois,11433,11,2024-03-27 10:15:00,20,3,599.4,2025-03-20,2026-05-15
Villeneuve-Minervois,11433,11,2024-06-25 21:53:00,200,3,599.4,2025-03-20,2026-05-15
Villeneuve-lès-Maguelone,34337,34,2024-12-07 15:55:00,1391,2,280.0,2025-11-13,2025-12-12
Villeneuve-sur-Cher,18285,18,2024-09-02 18:55:00,4000,2,375.0,2026-03-18,2026-03-18
Villers-le-Lac,25321,25,2024-02-08 21:17:57,100,2,280.0,2024-07-09,2024-08-20
Villeveyrac,34341,34,2024-08-02 19:25:00,319,3,448.6,2024-10-17,2025-12-23
Villeveyrac,34341,34,2024-09-03 02:11:00,154,3,448.6,2024-10-17,2025-12-23
Vinassan,11441,11,2024-09-11 21:03:00,950,2,360.0,2025-10-16,2025-10-16
Vitrolles,13117,13,2024-06-21 14:23:00,300,25,3119.6,2024-07-03,2026-05-07
Yvré-le-Pôlin,72385,72,2024-05-08 19:21:00,10,1,210.0,2026-03-24,2026-03-24
Étupes,25228,25,2024-07-23 19:02:46,100,1,668.0,2024-12-22,2024-12-22
